symbol,expiry,strike,kind,bid,ask,last,mid,volume,open_interest,underlying_price
SPY,2026-04-22 00:00:00+00:00,433.5,call,76.44,77.36,76.9,76.9,0,762,510.0
SPY,2026-04-22 00:00:00+00:00,433.5,put,0.01,0.02,0.01,0.01,0,0,510.0
SPY,2026-04-22 00:00:00+00:00,438.5,call,71.24,72.1,71.67,71.67,118,0,510.0
SPY,2026-04-22 00:00:00+00:00,438.5,put,0.01,0.02,0.01,0.01,358,0,510.0
SPY,2026-04-22 00:00:00+00:00,443.5,call,66.59,67.39,66.99,66.99,210,0,510.0
SPY,2026-04-22 00:00:00+00:00,443.5,put,0.01,0.02,0.01,0.01,0,604,510.0
SPY,2026-04-22 00:00:00+00:00,448.5,call,61.32,62.06,61.69,61.69,16,317,510.0
SPY,2026-04-22 00:00:00+00:00,448.5,put,0.01,0.02,0.01,0.01,0,1905,510.0
SPY,2026-04-22 00:00:00+00:00,453.5,call,56.24,56.92,56.58,56.58,341,1079,510.0
SPY,2026-04-22 00:00:00+00:00,453.5,put,0.01,0.02,0.01,0.01,290,0,510.0
SPY,2026-04-22 00:00:00+00:00,458.5,call,51.45,52.07,51.76,51.76,506,2405,510.0
SPY,2026-04-22 00:00:00+00:00,458.5,put,0.01,0.02,0.01,0.01,0,1321,510.0
SPY,2026-04-22 00:00:00+00:00,463.5,call,46.49,47.05,46.77,46.77,542,281,510.0
SPY,2026-04-22 00:00:00+00:00,463.5,put,0.01,0.02,0.01,0.01,627,0,510.0
SPY,2026-04-22 00:00:00+00:00,468.5,call,41.63,42.14,41.88,41.88,1811,2012,510.0
SPY,2026-04-22 00:00:00+00:00,468.5,put,0.01,0.02,0.01,0.01,1363,1243,510.0
SPY,2026-04-22 00:00:00+00:00,473.5,call,36.69,37.14,36.91,36.91,1242,3867,510.0
SPY,2026-04-22 00:00:00+00:00,473.5,put,0.01,0.02,0.01,0.01,1161,1981,510.0
SPY,2026-04-22 00:00:00+00:00,478.5,call,31.46,31.84,31.65,31.65,959,3880,510.0
SPY,2026-04-22 00:00:00+00:00,478.5,put,0.01,0.03,0.02,0.02,1339,1835,510.0
SPY,2026-04-22 00:00:00+00:00,483.5,call,26.73,27.05,26.89,26.89,1343,8897,510.0
SPY,2026-04-22 00:00:00+00:00,483.5,put,0.05,0.07,0.06,0.06,796,4860,510.0
SPY,2026-04-22 00:00:00+00:00,488.5,call,21.77,22.03,21.9,21.9,1360,5141,510.0
SPY,2026-04-22 00:00:00+00:00,488.5,put,0.15,0.17,0.16,0.16,2019,2908,510.0
SPY,2026-04-22 00:00:00+00:00,493.5,call,17.03,17.24,17.14,17.14,1784,6196,510.0
SPY,2026-04-22 00:00:00+00:00,493.5,put,0.38,0.4,0.39,0.39,1680,7652,510.0
SPY,2026-04-22 00:00:00+00:00,498.5,call,12.63,12.78,12.71,12.71,1556,6079,510.0
SPY,2026-04-22 00:00:00+00:00,498.5,put,0.86,0.88,0.87,0.87,2049,8456,510.0
SPY,2026-04-22 00:00:00+00:00,503.5,call,8.56,8.67,8.62,8.62,1748,9820,510.0
SPY,2026-04-22 00:00:00+00:00,503.5,put,1.8,1.85,1.82,1.82,1634,8222,510.0
SPY,2026-04-22 00:00:00+00:00,508.5,call,5.23,5.29,5.26,5.26,1934,9032,510.0
SPY,2026-04-22 00:00:00+00:00,508.5,put,3.44,3.53,3.49,3.49,2153,9927,510.0
SPY,2026-04-22 00:00:00+00:00,513.5,call,2.76,2.83,2.8,2.8,1549,8102,510.0
SPY,2026-04-22 00:00:00+00:00,513.5,put,5.95,6.02,5.98,5.98,2127,7256,510.0
SPY,2026-04-22 00:00:00+00:00,518.5,call,1.24,1.27,1.26,1.26,2270,9506,510.0
SPY,2026-04-22 00:00:00+00:00,518.5,put,9.39,9.5,9.45,9.45,1552,11868,510.0
SPY,2026-04-22 00:00:00+00:00,523.5,call,0.45,0.47,0.46,0.46,1956,8168,510.0
SPY,2026-04-22 00:00:00+00:00,523.5,put,13.6,13.76,13.68,13.68,1599,6968,510.0
SPY,2026-04-22 00:00:00+00:00,528.5,call,0.12,0.14,0.13,0.13,1833,7850,510.0
SPY,2026-04-22 00:00:00+00:00,528.5,put,18.23,18.45,18.34,18.34,1865,6452,510.0
SPY,2026-04-22 00:00:00+00:00,533.5,call,0.02,0.04,0.03,0.03,1029,5717,510.0
SPY,2026-04-22 00:00:00+00:00,533.5,put,23.09,23.37,23.23,23.23,938,5096,510.0
SPY,2026-04-22 00:00:00+00:00,538.5,call,0.01,0.02,0.01,0.01,1088,4552,510.0
SPY,2026-04-22 00:00:00+00:00,538.5,put,28.04,28.38,28.21,28.21,1372,5643,510.0
SPY,2026-04-22 00:00:00+00:00,543.5,call,0.01,0.02,0.01,0.01,969,1979,510.0
SPY,2026-04-22 00:00:00+00:00,543.5,put,32.8,33.2,33.0,33.0,532,6553,510.0
SPY,2026-04-22 00:00:00+00:00,548.5,call,0.01,0.02,0.01,0.01,0,3825,510.0
SPY,2026-04-22 00:00:00+00:00,548.5,put,37.78,38.23,38.0,38.0,819,5024,510.0
SPY,2026-04-22 00:00:00+00:00,553.5,call,0.01,0.02,0.01,0.01,172,3539,510.0
SPY,2026-04-22 00:00:00+00:00,553.5,put,42.72,43.23,42.97,42.97,1284,1802,510.0
SPY,2026-04-22 00:00:00+00:00,558.5,call,0.01,0.02,0.01,0.01,479,1129,510.0
SPY,2026-04-22 00:00:00+00:00,558.5,put,47.87,48.45,48.16,48.16,378,1773,510.0
SPY,2026-04-22 00:00:00+00:00,563.5,call,0.01,0.02,0.01,0.01,0,2492,510.0
SPY,2026-04-22 00:00:00+00:00,563.5,put,53.05,53.69,53.37,53.37,177,0,510.0
SPY,2026-04-22 00:00:00+00:00,568.5,call,0.01,0.02,0.01,0.01,484,1335,510.0
SPY,2026-04-22 00:00:00+00:00,568.5,put,57.63,58.32,57.98,57.98,250,1450,510.0
SPY,2026-04-22 00:00:00+00:00,573.5,call,0.01,0.02,0.01,0.01,630,1267,510.0
SPY,2026-04-22 00:00:00+00:00,573.5,put,62.81,63.57,63.19,63.19,232,0,510.0
SPY,2026-04-22 00:00:00+00:00,578.5,call,0.01,0.02,0.01,0.01,519,0,510.0
SPY,2026-04-22 00:00:00+00:00,578.5,put,67.72,68.54,68.13,68.13,689,1275,510.0
SPY,2026-04-22 00:00:00+00:00,583.5,call,0.01,0.02,0.01,0.01,377,0,510.0
SPY,2026-04-22 00:00:00+00:00,583.5,put,72.78,73.66,73.22,73.22,0,0,510.0
SPY,2026-04-29 00:00:00+00:00,433.5,call,76.32,77.24,76.78,76.78,0,1170,510.0
SPY,2026-04-29 00:00:00+00:00,433.5,put,0.01,0.02,0.01,0.01,0,1177,510.0
SPY,2026-04-29 00:00:00+00:00,438.5,call,71.5,72.36,71.93,71.93,24,0,510.0
SPY,2026-04-29 00:00:00+00:00,438.5,put,0.01,0.02,0.01,0.01,270,1753,510.0
SPY,2026-04-29 00:00:00+00:00,443.5,call,66.63,67.43,67.03,67.03,439,0,510.0
SPY,2026-04-29 00:00:00+00:00,443.5,put,0.01,0.02,0.01,0.01,491,506,510.0
SPY,2026-04-29 00:00:00+00:00,448.5,call,61.69,62.44,62.06,62.06,0,0,510.0
SPY,2026-04-29 00:00:00+00:00,448.5,put,0.01,0.03,0.02,0.02,357,0,510.0
SPY,2026-04-29 00:00:00+00:00,453.5,call,56.58,57.27,56.92,56.92,0,2300,510.0
SPY,2026-04-29 00:00:00+00:00,453.5,put,0.01,0.03,0.02,0.02,0,1921,510.0
SPY,2026-04-29 00:00:00+00:00,458.5,call,51.65,52.28,51.97,51.97,0,144,510.0
SPY,2026-04-29 00:00:00+00:00,458.5,put,0.03,0.05,0.04,0.04,115,2360,510.0
SPY,2026-04-29 00:00:00+00:00,463.5,call,46.73,47.29,47.01,47.01,495,3629,510.0
SPY,2026-04-29 00:00:00+00:00,463.5,put,0.05,0.07,0.06,0.06,0,2888,510.0
SPY,2026-04-29 00:00:00+00:00,468.5,call,42.03,42.53,42.28,42.28,219,1619,510.0
SPY,2026-04-29 00:00:00+00:00,468.5,put,0.09,0.11,0.1,0.1,1412,875,510.0
SPY,2026-04-29 00:00:00+00:00,473.5,call,36.88,37.33,37.11,37.11,330,731,510.0
SPY,2026-04-29 00:00:00+00:00,473.5,put,0.16,0.18,0.17,0.17,546,2648,510.0
SPY,2026-04-29 00:00:00+00:00,478.5,call,32.11,32.49,32.3,32.3,197,2400,510.0
SPY,2026-04-29 00:00:00+00:00,478.5,put,0.28,0.3,0.29,0.29,1358,1058,510.0
SPY,2026-04-29 00:00:00+00:00,483.5,call,27.41,27.74,27.57,27.57,1237,2627,510.0
SPY,2026-04-29 00:00:00+00:00,483.5,put,0.48,0.5,0.49,0.49,1081,4811,510.0
SPY,2026-04-29 00:00:00+00:00,488.5,call,22.79,23.06,22.92,22.92,1816,5231,510.0
SPY,2026-04-29 00:00:00+00:00,488.5,put,0.82,0.84,0.83,0.83,1354,3670,510.0
SPY,2026-04-29 00:00:00+00:00,493.5,call,18.32,18.54,18.43,18.43,1575,7566,510.0
SPY,2026-04-29 00:00:00+00:00,493.5,put,1.35,1.39,1.37,1.37,804,4261,510.0
SPY,2026-04-29 00:00:00+00:00,498.5,call,14.18,14.35,14.27,14.27,1975,6665,510.0
SPY,2026-04-29 00:00:00+00:00,498.5,put,2.18,2.24,2.21,2.21,1384,6617,510.0
SPY,2026-04-29 00:00:00+00:00,503.5,call,10.51,10.63,10.57,10.57,2476,8447,510.0
SPY,2026-04-29 00:00:00+00:00,503.5,put,3.42,3.51,3.47,3.47,1263,6252,510.0
SPY,2026-04-29 00:00:00+00:00,508.5,call,7.34,7.43,7.39,7.39,1629,8261,510.0
SPY,2026-04-29 00:00:00+00:00,508.5,put,5.19,5.32,5.26,5.26,1687,8203,510.0
SPY,2026-04-29 00:00:00+00:00,513.5,call,4.71,4.83,4.77,4.77,1855,5218,510.0
SPY,2026-04-29 00:00:00+00:00,513.5,put,7.64,7.73,7.68,7.68,1915,8136,510.0
SPY,2026-04-29 00:00:00+00:00,518.5,call,2.84,2.91,2.87,2.87,1888,8973,510.0
SPY,2026-04-29 00:00:00+00:00,518.5,put,10.6,10.73,10.66,10.66,2328,8196,510.0
SPY,2026-04-29 00:00:00+00:00,523.5,call,1.54,1.58,1.56,1.56,2034,6597,510.0
SPY,2026-04-29 00:00:00+00:00,523.5,put,14.36,14.54,14.45,14.45,1672,6683,510.0
SPY,2026-04-29 00:00:00+00:00,528.5,call,0.75,0.77,0.76,0.76,1314,8087,510.0
SPY,2026-04-29 00:00:00+00:00,528.5,put,18.57,18.79,18.68,18.68,1001,9667,510.0
SPY,2026-04-29 00:00:00+00:00,533.5,call,0.32,0.34,0.33,0.33,1794,4559,510.0
SPY,2026-04-29 00:00:00+00:00,533.5,put,23.01,23.28,23.15,23.15,1579,4356,510.0
SPY,2026-04-29 00:00:00+00:00,538.5,call,0.12,0.14,0.13,0.13,873,5248,510.0
SPY,2026-04-29 00:00:00+00:00,538.5,put,27.87,28.21,28.04,28.04,828,4549,510.0
SPY,2026-04-29 00:00:00+00:00,543.5,call,0.03,0.05,0.04,0.04,1024,2756,510.0
SPY,2026-04-29 00:00:00+00:00,543.5,put,32.75,33.14,32.94,32.94,840,0,510.0
SPY,2026-04-29 00:00:00+00:00,548.5,call,0.01,0.02,0.01,0.01,1426,681,510.0
SPY,2026-04-29 00:00:00+00:00,548.5,put,37.64,38.1,37.87,37.87,0,2770,510.0
SPY,2026-04-29 00:00:00+00:00,553.5,call,0.01,0.02,0.01,0.01,688,39,510.0
SPY,2026-04-29 00:00:00+00:00,553.5,put,42.56,43.08,42.82,42.82,1171,1679,510.0
SPY,2026-04-29 00:00:00+00:00,558.5,call,0.01,0.02,0.01,0.01,750,753,510.0
SPY,2026-04-29 00:00:00+00:00,558.5,put,47.61,48.18,47.89,47.89,909,357,510.0
SPY,2026-04-29 00:00:00+00:00,563.5,call,0.01,0.02,0.01,0.01,0,1101,510.0
SPY,2026-04-29 00:00:00+00:00,563.5,put,52.5,53.13,52.82,52.82,0,632,510.0
SPY,2026-04-29 00:00:00+00:00,568.5,call,0.01,0.02,0.01,0.01,778,0,510.0
SPY,2026-04-29 00:00:00+00:00,568.5,put,57.51,58.2,57.86,57.86,0,1759,510.0
SPY,2026-04-29 00:00:00+00:00,573.5,call,0.01,0.02,0.01,0.01,0,971,510.0
SPY,2026-04-29 00:00:00+00:00,573.5,put,62.2,62.96,62.58,62.58,0,2933,510.0
SPY,2026-04-29 00:00:00+00:00,578.5,call,0.01,0.02,0.01,0.01,0,1811,510.0
SPY,2026-04-29 00:00:00+00:00,578.5,put,67.73,68.55,68.14,68.14,107,63,510.0
SPY,2026-04-29 00:00:00+00:00,583.5,call,0.01,0.02,0.01,0.01,74,0,510.0
SPY,2026-04-29 00:00:00+00:00,583.5,put,72.29,73.16,72.73,72.73,0,444,510.0
SPY,2026-05-20 00:00:00+00:00,433.5,call,77.71,78.65,78.18,78.18,81,0,510.0
SPY,2026-05-20 00:00:00+00:00,433.5,put,0.27,0.29,0.28,0.28,0,0,510.0
SPY,2026-05-20 00:00:00+00:00,438.5,call,72.71,73.59,73.15,73.15,423,0,510.0
SPY,2026-05-20 00:00:00+00:00,438.5,put,0.32,0.34,0.33,0.33,5,0,510.0
SPY,2026-05-20 00:00:00+00:00,443.5,call,68.23,69.05,68.64,68.64,310,0,510.0
SPY,2026-05-20 00:00:00+00:00,443.5,put,0.37,0.39,0.38,0.38,81,523,510.0
SPY,2026-05-20 00:00:00+00:00,448.5,call,62.64,63.39,63.02,63.02,0,1163,510.0
SPY,2026-05-20 00:00:00+00:00,448.5,put,0.46,0.48,0.47,0.47,0,0,510.0
SPY,2026-05-20 00:00:00+00:00,453.5,call,57.98,58.68,58.33,58.33,191,1696,510.0
SPY,2026-05-20 00:00:00+00:00,453.5,put,0.56,0.58,0.57,0.57,0,0,510.0
SPY,2026-05-20 00:00:00+00:00,458.5,call,52.99,53.64,53.31,53.31,671,2205,510.0
SPY,2026-05-20 00:00:00+00:00,458.5,put,0.7,0.72,0.71,0.71,0,966,510.0
SPY,2026-05-20 00:00:00+00:00,463.5,call,48.63,49.21,48.92,48.92,796,1979,510.0
SPY,2026-05-20 00:00:00+00:00,463.5,put,0.87,0.89,0.88,0.88,0,2593,510.0
SPY,2026-05-20 00:00:00+00:00,468.5,call,43.82,44.35,44.08,44.08,1235,1151,510.0
SPY,2026-05-20 00:00:00+00:00,468.5,put,1.11,1.13,1.12,1.12,0,0,510.0
SPY,2026-05-20 00:00:00+00:00,473.5,call,38.98,39.45,39.22,39.22,879,26,510.0
SPY,2026-05-20 00:00:00+00:00,473.5,put,1.42,1.46,1.44,1.44,0,2094,510.0
SPY,2026-05-20 00:00:00+00:00,478.5,call,34.57,34.99,34.78,34.78,308,4425,510.0
SPY,2026-05-20 00:00:00+00:00,478.5,put,1.82,1.87,1.85,1.85,0,4480,510.0
SPY,2026-05-20 00:00:00+00:00,483.5,call,30.18,30.55,30.37,30.37,1323,3811,510.0
SPY,2026-05-20 00:00:00+00:00,483.5,put,2.36,2.42,2.39,2.39,1091,5223,510.0
SPY,2026-05-20 00:00:00+00:00,488.5,call,25.91,26.22,26.07,26.07,1748,4655,510.0
SPY,2026-05-20 00:00:00+00:00,488.5,put,3.07,3.15,3.11,3.11,1850,6636,510.0
SPY,2026-05-20 00:00:00+00:00,493.5,call,21.95,22.22,22.08,22.08,1818,7319,510.0
SPY,2026-05-20 00:00:00+00:00,493.5,put,4.01,4.11,4.06,4.06,1887,7242,510.0
SPY,2026-05-20 00:00:00+00:00,498.5,call,18.0,18.22,18.11,18.11,2283,6415,510.0
SPY,2026-05-20 00:00:00+00:00,498.5,put,5.2,5.33,5.27,5.27,1255,8239,510.0
SPY,2026-05-20 00:00:00+00:00,503.5,call,14.66,14.84,14.75,14.75,1471,8163,510.0
SPY,2026-05-20 00:00:00+00:00,503.5,put,6.62,6.78,6.7,6.7,2149,5622,510.0
SPY,2026-05-20 00:00:00+00:00,508.5,call,11.45,11.59,11.52,11.52,2065,6265,510.0
SPY,2026-05-20 00:00:00+00:00,508.5,put,8.48,8.69,8.59,8.59,2362,8241,510.0
SPY,2026-05-20 00:00:00+00:00,513.5,call,8.74,8.96,8.85,8.85,1103,8309,510.0
SPY,2026-05-20 00:00:00+00:00,513.5,put,10.75,10.88,10.81,10.81,2050,9212,510.0
SPY,2026-05-20 00:00:00+00:00,518.5,call,6.48,6.65,6.56,6.56,1117,8539,510.0
SPY,2026-05-20 00:00:00+00:00,518.5,put,13.4,13.56,13.48,13.48,1973,6751,510.0
SPY,2026-05-20 00:00:00+00:00,523.5,call,4.62,4.74,4.68,4.68,1789,8167,510.0
SPY,2026-05-20 00:00:00+00:00,523.5,put,16.46,16.66,16.56,16.56,1770,10340,510.0
SPY,2026-05-20 00:00:00+00:00,528.5,call,3.17,3.25,3.21,3.21,1612,5621,510.0
SPY,2026-05-20 00:00:00+00:00,528.5,put,20.05,20.29,20.17,20.17,1611,5937,510.0
SPY,2026-05-20 00:00:00+00:00,533.5,call,2.07,2.12,2.1,2.1,1249,6373,510.0
SPY,2026-05-20 00:00:00+00:00,533.5,put,23.91,24.2,24.06,24.06,1525,4846,510.0
SPY,2026-05-20 00:00:00+00:00,538.5,call,1.3,1.33,1.31,1.31,791,4280,510.0
SPY,2026-05-20 00:00:00+00:00,538.5,put,27.82,28.16,27.99,27.99,585,4724,510.0
SPY,2026-05-20 00:00:00+00:00,543.5,call,0.78,0.8,0.79,0.79,820,2722,510.0
SPY,2026-05-20 00:00:00+00:00,543.5,put,32.3,32.69,32.49,32.49,1042,3380,510.0
SPY,2026-05-20 00:00:00+00:00,548.5,call,0.44,0.46,0.45,0.45,694,3013,510.0
SPY,2026-05-20 00:00:00+00:00,548.5,put,37.04,37.48,37.26,37.26,638,2524,510.0
SPY,2026-05-20 00:00:00+00:00,553.5,call,0.24,0.26,0.25,0.25,409,69,510.0
SPY,2026-05-20 00:00:00+00:00,553.5,put,41.75,42.25,42.0,42.0,797,2184,510.0
SPY,2026-05-20 00:00:00+00:00,558.5,call,0.12,0.14,0.13,0.13,468,583,510.0
SPY,2026-05-20 00:00:00+00:00,558.5,put,46.77,47.33,47.05,47.05,0,2131,510.0
SPY,2026-05-20 00:00:00+00:00,563.5,call,0.05,0.07,0.06,0.06,359,3772,510.0
SPY,2026-05-20 00:00:00+00:00,563.5,put,51.75,52.37,52.06,52.06,724,2157,510.0
SPY,2026-05-20 00:00:00+00:00,568.5,call,0.02,0.04,0.03,0.03,243,762,510.0
SPY,2026-05-20 00:00:00+00:00,568.5,put,56.42,57.11,56.77,56.77,978,1357,510.0
SPY,2026-05-20 00:00:00+00:00,573.5,call,0.01,0.02,0.01,0.01,569,0,510.0
SPY,2026-05-20 00:00:00+00:00,573.5,put,61.2,61.94,61.57,61.57,0,2412,510.0
SPY,2026-05-20 00:00:00+00:00,578.5,call,0.01,0.02,0.01,0.01,109,0,510.0
SPY,2026-05-20 00:00:00+00:00,578.5,put,66.04,66.84,66.44,66.44,0,1994,510.0
SPY,2026-05-20 00:00:00+00:00,583.5,call,0.01,0.02,0.01,0.01,0,2,510.0
SPY,2026-05-20 00:00:00+00:00,583.5,put,71.35,72.21,71.78,71.78,403,1359,510.0
SPY,2026-06-24 00:00:00+00:00,433.5,call,80.66,81.63,81.14,81.14,0,0,510.0
SPY,2026-06-24 00:00:00+00:00,433.5,put,1.43,1.47,1.45,1.45,0,0,510.0
SPY,2026-06-24 00:00:00+00:00,438.5,call,74.86,75.76,75.31,75.31,175,0,510.0
SPY,2026-06-24 00:00:00+00:00,438.5,put,1.57,1.61,1.59,1.59,99,2995,510.0
SPY,2026-06-24 00:00:00+00:00,443.5,call,70.55,71.4,70.98,70.98,0,0,510.0
SPY,2026-06-24 00:00:00+00:00,443.5,put,1.74,1.78,1.76,1.76,0,274,510.0
SPY,2026-06-24 00:00:00+00:00,448.5,call,65.91,66.7,66.31,66.31,838,1737,510.0
SPY,2026-06-24 00:00:00+00:00,448.5,put,1.93,1.98,1.96,1.96,0,4309,510.0
SPY,2026-06-24 00:00:00+00:00,453.5,call,60.96,61.7,61.33,61.33,0,0,510.0
SPY,2026-06-24 00:00:00+00:00,453.5,put,2.16,2.22,2.19,2.19,0,0,510.0
SPY,2026-06-24 00:00:00+00:00,458.5,call,56.33,57.01,56.67,56.67,331,0,510.0
SPY,2026-06-24 00:00:00+00:00,458.5,put,2.45,2.51,2.48,2.48,81,286,510.0
SPY,2026-06-24 00:00:00+00:00,463.5,call,51.7,52.33,52.01,52.01,384,1572,510.0
SPY,2026-06-24 00:00:00+00:00,463.5,put,2.82,2.9,2.86,2.86,51,868,510.0
SPY,2026-06-24 00:00:00+00:00,468.5,call,47.37,47.94,47.65,47.65,845,3886,510.0
SPY,2026-06-24 00:00:00+00:00,468.5,put,3.25,3.33,3.29,3.29,498,2211,510.0
SPY,2026-06-24 00:00:00+00:00,473.5,call,42.61,43.13,42.87,42.87,624,2209,510.0
SPY,2026-06-24 00:00:00+00:00,473.5,put,3.79,3.89,3.84,3.84,882,1536,510.0
SPY,2026-06-24 00:00:00+00:00,478.5,call,38.62,39.08,38.85,38.85,694,6129,510.0
SPY,2026-06-24 00:00:00+00:00,478.5,put,4.43,4.54,4.49,4.49,862,1658,510.0
SPY,2026-06-24 00:00:00+00:00,483.5,call,34.35,34.77,34.56,34.56,1086,5513,510.0
SPY,2026-06-24 00:00:00+00:00,483.5,put,5.22,5.35,5.28,5.28,1167,4820,510.0
SPY,2026-06-24 00:00:00+00:00,488.5,call,30.47,30.84,30.65,30.65,1164,4167,510.0
SPY,2026-06-24 00:00:00+00:00,488.5,put,6.11,6.26,6.19,6.19,1086,4602,510.0
SPY,2026-06-24 00:00:00+00:00,493.5,call,26.54,26.87,26.71,26.71,1651,9844,510.0
SPY,2026-06-24 00:00:00+00:00,493.5,put,7.21,7.39,7.3,7.3,724,4763,510.0
SPY,2026-06-24 00:00:00+00:00,498.5,call,22.97,23.25,23.11,23.11,1673,9531,510.0
SPY,2026-06-24 00:00:00+00:00,498.5,put,8.52,8.74,8.63,8.63,2035,6360,510.0
SPY,2026-06-24 00:00:00+00:00,503.5,call,19.67,19.9,19.78,19.78,1575,8302,510.0
SPY,2026-06-24 00:00:00+00:00,503.5,put,10.05,10.3,10.18,10.18,2091,6504,510.0
SPY,2026-06-24 00:00:00+00:00,508.5,call,16.54,16.74,16.64,16.64,1706,8287,510.0
SPY,2026-06-24 00:00:00+00:00,508.5,put,11.88,12.18,12.03,12.03,1274,10657,510.0
SPY,2026-06-24 00:00:00+00:00,513.5,call,13.52,13.86,13.69,13.69,2230,8506,510.0
SPY,2026-06-24 00:00:00+00:00,513.5,put,14.03,14.2,14.11,14.11,2270,7500,510.0
SPY,2026-06-24 00:00:00+00:00,518.5,call,11.06,11.34,11.2,11.2,1568,4283,510.0
SPY,2026-06-24 00:00:00+00:00,518.5,put,16.49,16.68,16.59,16.59,1733,6917,510.0
SPY,2026-06-24 00:00:00+00:00,523.5,call,8.83,9.05,8.94,8.94,1604,9260,510.0
SPY,2026-06-24 00:00:00+00:00,523.5,put,19.16,19.39,19.27,19.27,2306,8920,510.0
SPY,2026-06-24 00:00:00+00:00,528.5,call,6.93,7.11,7.02,7.02,932,8308,510.0
SPY,2026-06-24 00:00:00+00:00,528.5,put,22.16,22.43,22.3,22.3,1856,6947,510.0
SPY,2026-06-24 00:00:00+00:00,533.5,call,5.35,5.49,5.42,5.42,1010,5693,510.0
SPY,2026-06-24 00:00:00+00:00,533.5,put,25.56,25.86,25.71,25.71,1509,5661,510.0
SPY,2026-06-24 00:00:00+00:00,538.5,call,4.04,4.14,4.09,4.09,965,3621,510.0
SPY,2026-06-24 00:00:00+00:00,538.5,put,28.99,29.34,29.17,29.17,2265,1851,510.0
SPY,2026-06-24 00:00:00+00:00,543.5,call,2.98,3.06,3.02,3.02,1217,0,510.0
SPY,2026-06-24 00:00:00+00:00,543.5,put,32.92,33.32,33.12,33.12,380,3632,510.0
SPY,2026-06-24 00:00:00+00:00,548.5,call,2.16,2.22,2.19,2.19,821,619,510.0
SPY,2026-06-24 00:00:00+00:00,548.5,put,37.04,37.48,37.26,37.26,1122,1620,510.0
SPY,2026-06-24 00:00:00+00:00,553.5,call,1.52,1.56,1.54,1.54,0,2043,510.0
SPY,2026-06-24 00:00:00+00:00,553.5,put,41.44,41.94,41.69,41.69,181,2046,510.0
SPY,2026-06-24 00:00:00+00:00,558.5,call,1.07,1.09,1.08,1.08,403,1140,510.0
SPY,2026-06-24 00:00:00+00:00,558.5,put,45.77,46.32,46.05,46.05,0,3203,510.0
SPY,2026-06-24 00:00:00+00:00,563.5,call,0.73,0.75,0.74,0.74,548,730,510.0
SPY,2026-06-24 00:00:00+00:00,563.5,put,50.55,51.15,50.85,50.85,0,3771,510.0
SPY,2026-06-24 00:00:00+00:00,568.5,call,0.48,0.5,0.49,0.49,1098,0,510.0
SPY,2026-06-24 00:00:00+00:00,568.5,put,54.81,55.48,55.15,55.15,120,1687,510.0
SPY,2026-06-24 00:00:00+00:00,573.5,call,0.32,0.34,0.33,0.33,554,499,510.0
SPY,2026-06-24 00:00:00+00:00,573.5,put,59.75,60.47,60.11,60.11,291,2430,510.0
SPY,2026-06-24 00:00:00+00:00,578.5,call,0.2,0.22,0.21,0.21,0,208,510.0
SPY,2026-06-24 00:00:00+00:00,578.5,put,64.48,65.26,64.87,64.87,0,0,510.0
SPY,2026-06-24 00:00:00+00:00,583.5,call,0.13,0.15,0.14,0.14,283,4152,510.0
SPY,2026-06-24 00:00:00+00:00,583.5,put,69.62,70.45,70.03,70.03,809,1136,510.0
SPY,2026-10-14 00:00:00+00:00,433.5,call,87.98,89.04,88.51,88.51,0,173,510.0
SPY,2026-10-14 00:00:00+00:00,433.5,put,5.45,5.59,5.52,5.52,191,0,510.0
SPY,2026-10-14 00:00:00+00:00,438.5,call,83.27,84.28,83.77,83.77,0,0,510.0
SPY,2026-10-14 00:00:00+00:00,438.5,put,5.72,5.86,5.79,5.79,255,1232,510.0
SPY,2026-10-14 00:00:00+00:00,443.5,call,78.86,79.81,79.33,79.33,40,32,510.0
SPY,2026-10-14 00:00:00+00:00,443.5,put,6.05,6.2,6.12,6.12,0,1933,510.0
SPY,2026-10-14 00:00:00+00:00,448.5,call,73.86,74.76,74.31,74.31,0,3427,510.0
SPY,2026-10-14 00:00:00+00:00,448.5,put,6.45,6.61,6.53,6.53,768,2001,510.0
SPY,2026-10-14 00:00:00+00:00,453.5,call,69.72,70.56,70.14,70.14,112,0,510.0
SPY,2026-10-14 00:00:00+00:00,453.5,put,6.85,7.03,6.94,6.94,238,474,510.0
SPY,2026-10-14 00:00:00+00:00,458.5,call,65.45,66.24,65.84,65.84,143,0,510.0
SPY,2026-10-14 00:00:00+00:00,458.5,put,7.35,7.54,7.44,7.44,406,2377,510.0
SPY,2026-10-14 00:00:00+00:00,463.5,call,61.23,61.96,61.59,61.59,80,380,510.0
SPY,2026-10-14 00:00:00+00:00,463.5,put,7.97,8.17,8.07,8.07,336,2778,510.0
SPY,2026-10-14 00:00:00+00:00,468.5,call,57.06,57.75,57.41,57.41,315,2239,510.0
SPY,2026-10-14 00:00:00+00:00,468.5,put,8.61,8.83,8.72,8.72,189,2505,510.0
SPY,2026-10-14 00:00:00+00:00,473.5,call,52.88,53.51,53.2,53.2,6,1416,510.0
SPY,2026-10-14 00:00:00+00:00,473.5,put,9.32,9.56,9.44,9.44,768,2186,510.0
SPY,2026-10-14 00:00:00+00:00,478.5,call,49.07,49.66,49.36,49.36,959,5457,510.0
SPY,2026-10-14 00:00:00+00:00,478.5,put,10.19,10.45,10.32,10.32,1035,5268,510.0
SPY,2026-10-14 00:00:00+00:00,483.5,call,44.97,45.51,45.24,45.24,1125,4504,510.0
SPY,2026-10-14 00:00:00+00:00,483.5,put,11.13,11.41,11.27,11.27,1849,6765,510.0
SPY,2026-10-14 00:00:00+00:00,488.5,call,41.33,41.83,41.58,41.58,1568,6113,510.0
SPY,2026-10-14 00:00:00+00:00,488.5,put,12.17,12.48,12.33,12.33,1508,6661,510.0
SPY,2026-10-14 00:00:00+00:00,493.5,call,37.48,37.93,37.7,37.7,1910,6209,510.0
SPY,2026-10-14 00:00:00+00:00,493.5,put,13.46,13.8,13.63,13.63,1671,7336,510.0
SPY,2026-10-14 00:00:00+00:00,498.5,call,33.91,34.32,34.12,34.12,1729,6392,510.0
SPY,2026-10-14 00:00:00+00:00,498.5,put,14.76,15.14,14.95,14.95,2728,7784,510.0
SPY,2026-10-14 00:00:00+00:00,503.5,call,30.85,31.22,31.03,31.03,1804,5460,510.0
SPY,2026-10-14 00:00:00+00:00,503.5,put,16.36,16.77,16.56,16.56,1853,7072,510.0
SPY,2026-10-14 00:00:00+00:00,508.5,call,27.44,27.77,27.61,27.61,2583,9665,510.0
SPY,2026-10-14 00:00:00+00:00,508.5,put,17.93,18.39,18.16,18.16,2368,8156,510.0
SPY,2026-10-14 00:00:00+00:00,513.5,call,24.42,25.04,24.73,24.73,2266,9485,510.0
SPY,2026-10-14 00:00:00+00:00,513.5,put,20.07,20.31,20.19,20.19,1930,5406,510.0
SPY,2026-10-14 00:00:00+00:00,518.5,call,21.64,22.19,21.91,21.91,2601,10224,510.0
SPY,2026-10-14 00:00:00+00:00,518.5,put,22.25,22.52,22.38,22.38,1389,7012,510.0
SPY,2026-10-14 00:00:00+00:00,523.5,call,19.17,19.66,19.41,19.41,1698,6167,510.0
SPY,2026-10-14 00:00:00+00:00,523.5,put,24.44,24.74,24.59,24.59,2322,8339,510.0
SPY,2026-10-14 00:00:00+00:00,528.5,call,16.83,17.26,17.04,17.04,1164,6759,510.0
SPY,2026-10-14 00:00:00+00:00,528.5,put,26.86,27.18,27.02,27.02,1670,6924,510.0
SPY,2026-10-14 00:00:00+00:00,533.5,call,14.58,14.95,14.76,14.76,1298,4262,510.0
SPY,2026-10-14 00:00:00+00:00,533.5,put,29.49,29.85,29.67,29.67,1442,7031,510.0
SPY,2026-10-14 00:00:00+00:00,538.5,call,12.56,12.88,12.72,12.72,1269,5649,510.0
SPY,2026-10-14 00:00:00+00:00,538.5,put,32.42,32.82,32.62,32.62,1469,4104,510.0
SPY,2026-10-14 00:00:00+00:00,543.5,call,10.83,11.11,10.97,10.97,516,2729,510.0
SPY,2026-10-14 00:00:00+00:00,543.5,put,35.54,35.97,35.76,35.76,1073,3790,510.0
SPY,2026-10-14 00:00:00+00:00,548.5,call,9.33,9.57,9.45,9.45,408,2239,510.0
SPY,2026-10-14 00:00:00+00:00,548.5,put,38.89,39.36,39.12,39.12,741,2001,510.0
SPY,2026-10-14 00:00:00+00:00,553.5,call,7.95,8.15,8.05,8.05,207,2550,510.0
SPY,2026-10-14 00:00:00+00:00,553.5,put,42.34,42.85,42.59,42.59,713,2169,510.0
SPY,2026-10-14 00:00:00+00:00,558.5,call,6.7,6.87,6.79,6.79,806,196,510.0
SPY,2026-10-14 00:00:00+00:00,558.5,put,45.99,46.55,46.27,46.27,1379,3451,510.0
SPY,2026-10-14 00:00:00+00:00,563.5,call,5.66,5.81,5.74,5.74,0,37,510.0
SPY,2026-10-14 00:00:00+00:00,563.5,put,49.75,50.36,50.05,50.05,399,1401,510.0
SPY,2026-10-14 00:00:00+00:00,568.5,call,4.74,4.86,4.8,4.8,0,1305,510.0
SPY,2026-10-14 00:00:00+00:00,568.5,put,53.87,54.52,54.19,54.19,312,1203,510.0
SPY,2026-10-14 00:00:00+00:00,573.5,call,3.98,4.08,4.03,4.03,246,0,510.0
SPY,2026-10-14 00:00:00+00:00,573.5,put,57.55,58.25,57.9,57.9,237,0,510.0
SPY,2026-10-14 00:00:00+00:00,578.5,call,3.31,3.4,3.36,3.36,0,1687,510.0
SPY,2026-10-14 00:00:00+00:00,578.5,put,62.04,62.79,62.41,62.41,0,1563,510.0
SPY,2026-10-14 00:00:00+00:00,583.5,call,2.75,2.82,2.78,2.78,157,424,510.0
SPY,2026-10-14 00:00:00+00:00,583.5,put,66.27,67.07,66.67,66.67,0,3618,510.0
SPY,2027-01-13 00:00:00+00:00,433.5,call,93.62,94.75,94.19,94.19,359,0,510.0
SPY,2027-01-13 00:00:00+00:00,433.5,put,7.86,8.06,7.96,7.96,303,0,510.0
SPY,2027-01-13 00:00:00+00:00,438.5,call,88.94,90.01,89.48,89.48,0,1688,510.0
SPY,2027-01-13 00:00:00+00:00,438.5,put,8.19,8.39,8.29,8.29,366,0,510.0
SPY,2027-01-13 00:00:00+00:00,443.5,call,84.3,85.31,84.81,84.81,970,1699,510.0
SPY,2027-01-13 00:00:00+00:00,443.5,put,8.63,8.84,8.73,8.73,344,1548,510.0
SPY,2027-01-13 00:00:00+00:00,448.5,call,79.92,80.89,80.41,80.41,545,611,510.0
SPY,2027-01-13 00:00:00+00:00,448.5,put,9.06,9.29,9.18,9.18,89,1098,510.0
SPY,2027-01-13 00:00:00+00:00,453.5,call,75.79,76.7,76.25,76.25,15,0,510.0
SPY,2027-01-13 00:00:00+00:00,453.5,put,9.57,9.81,9.69,9.69,195,611,510.0
SPY,2027-01-13 00:00:00+00:00,458.5,call,71.48,72.35,71.92,71.92,611,212,510.0
SPY,2027-01-13 00:00:00+00:00,458.5,put,10.2,10.46,10.33,10.33,194,369,510.0
SPY,2027-01-13 00:00:00+00:00,463.5,call,67.42,68.23,67.82,67.82,106,0,510.0
SPY,2027-01-13 00:00:00+00:00,463.5,put,10.79,11.06,10.93,10.93,72,1482,510.0
SPY,2027-01-13 00:00:00+00:00,468.5,call,63.76,64.52,64.14,64.14,441,377,510.0
SPY,2027-01-13 00:00:00+00:00,468.5,put,11.47,11.76,11.61,11.61,21,2224,510.0
SPY,2027-01-13 00:00:00+00:00,473.5,call,59.5,60.22,59.86,59.86,376,1361,510.0
SPY,2027-01-13 00:00:00+00:00,473.5,put,12.28,12.6,12.44,12.44,0,4574,510.0
SPY,2027-01-13 00:00:00+00:00,478.5,call,55.55,56.22,55.89,55.89,828,7498,510.0
SPY,2027-01-13 00:00:00+00:00,478.5,put,13.21,13.54,13.38,13.38,564,6076,510.0
SPY,2027-01-13 00:00:00+00:00,483.5,call,51.37,52.0,51.68,51.68,1886,6589,510.0
SPY,2027-01-13 00:00:00+00:00,483.5,put,14.23,14.59,14.41,14.41,1667,2801,510.0
SPY,2027-01-13 00:00:00+00:00,488.5,call,47.89,48.47,48.18,48.18,1216,5180,510.0
SPY,2027-01-13 00:00:00+00:00,488.5,put,15.36,15.75,15.55,15.55,1038,6142,510.0
SPY,2027-01-13 00:00:00+00:00,493.5,call,44.66,45.19,44.93,44.93,1370,7167,510.0
SPY,2027-01-13 00:00:00+00:00,493.5,put,16.52,16.94,16.73,16.73,1558,7292,510.0
SPY,2027-01-13 00:00:00+00:00,498.5,call,40.95,41.44,41.19,41.19,1947,4273,510.0
SPY,2027-01-13 00:00:00+00:00,498.5,put,18.05,18.51,18.28,18.28,1908,5355,510.0
SPY,2027-01-13 00:00:00+00:00,503.5,call,37.76,38.21,37.98,37.98,2065,8390,510.0
SPY,2027-01-13 00:00:00+00:00,503.5,put,19.57,20.06,19.81,19.81,1854,7891,510.0
SPY,2027-01-13 00:00:00+00:00,508.5,call,34.3,34.72,34.51,34.51,1705,7822,510.0
SPY,2027-01-13 00:00:00+00:00,508.5,put,21.22,21.75,21.48,21.48,2412,5999,510.0
SPY,2027-01-13 00:00:00+00:00,513.5,call,31.22,32.01,31.61,31.61,1752,8153,510.0
SPY,2027-01-13 00:00:00+00:00,513.5,put,23.13,23.4,23.26,23.26,2433,10044,510.0
SPY,2027-01-13 00:00:00+00:00,518.5,call,28.74,29.46,29.1,29.1,2065,6399,510.0
SPY,2027-01-13 00:00:00+00:00,518.5,put,24.95,25.25,25.1,25.1,1538,7089,510.0
SPY,2027-01-13 00:00:00+00:00,523.5,call,25.99,26.65,26.32,26.32,2010,7616,510.0
SPY,2027-01-13 00:00:00+00:00,523.5,put,27.27,27.6,27.44,27.44,1737,7708,510.0
SPY,2027-01-13 00:00:00+00:00,528.5,call,23.37,23.97,23.67,23.67,1265,5043,510.0
SPY,2027-01-13 00:00:00+00:00,528.5,put,29.67,30.02,29.85,29.85,1316,4809,510.0
SPY,2027-01-13 00:00:00+00:00,533.5,call,21.2,21.73,21.47,21.47,1170,4523,510.0
SPY,2027-01-13 00:00:00+00:00,533.5,put,31.78,32.16,31.97,31.97,786,2623,510.0
SPY,2027-01-13 00:00:00+00:00,538.5,call,18.86,19.34,19.1,19.1,811,9082,510.0
SPY,2027-01-13 00:00:00+00:00,538.5,put,34.62,35.04,34.83,34.83,1091,6100,510.0
SPY,2027-01-13 00:00:00+00:00,543.5,call,16.9,17.33,17.11,17.11,46,3789,510.0
SPY,2027-01-13 00:00:00+00:00,543.5,put,37.24,37.7,37.47,37.47,470,4180,510.0
SPY,2027-01-13 00:00:00+00:00,548.5,call,15.05,15.43,15.24,15.24,786,3504,510.0
SPY,2027-01-13 00:00:00+00:00,548.5,put,40.39,40.87,40.63,40.63,910,1062,510.0
SPY,2027-01-13 00:00:00+00:00,553.5,call,13.37,13.71,13.54,13.54,0,3412,510.0
SPY,2027-01-13 00:00:00+00:00,553.5,put,43.52,44.05,43.79,43.79,1274,0,510.0
SPY,2027-01-13 00:00:00+00:00,558.5,call,11.83,12.13,11.98,11.98,330,2937,510.0
SPY,2027-01-13 00:00:00+00:00,558.5,put,46.85,47.41,47.13,47.13,93,3075,510.0
SPY,2027-01-13 00:00:00+00:00,563.5,call,10.46,10.73,10.6,10.6,632,738,510.0
SPY,2027-01-13 00:00:00+00:00,563.5,put,50.03,50.63,50.33,50.33,160,1183,510.0
SPY,2027-01-13 00:00:00+00:00,568.5,call,9.23,9.46,9.35,9.35,0,2105,510.0
SPY,2027-01-13 00:00:00+00:00,568.5,put,53.6,54.25,53.92,53.92,266,0,510.0
SPY,2027-01-13 00:00:00+00:00,573.5,call,8.17,8.38,8.27,8.27,53,1165,510.0
SPY,2027-01-13 00:00:00+00:00,573.5,put,57.48,58.17,57.82,57.82,0,0,510.0
SPY,2027-01-13 00:00:00+00:00,578.5,call,7.21,7.39,7.3,7.3,207,620,510.0
SPY,2027-01-13 00:00:00+00:00,578.5,put,61.2,61.94,61.57,61.57,336,284,510.0
SPY,2027-01-13 00:00:00+00:00,583.5,call,6.28,6.44,6.36,6.36,318,0,510.0
SPY,2027-01-13 00:00:00+00:00,583.5,put,65.39,66.17,65.78,65.78,378,0,510.0
